-- phpMyAdmin SQL Dump
-- version 5.2.0
-- https://www.phpmyadmin.net/
--
-- Host: 127.0.0.1:3306
-- Gegenereerd op: 24 nov 2022 om 09:56
-- Serverversie: 5.7.31
-- PHP-versie: 8.1.10

SET SQL_MODE = "NO_AUTO_VALUE_ON_ZERO";
START TRANSACTION;
SET time_zone = "+00:00";


/*!40101 SET @OLD_CHARACTER_SET_CLIENT=@@CHARACTER_SET_CLIENT */;
/*!40101 SET @OLD_CHARACTER_SET_RESULTS=@@CHARACTER_SET_RESULTS */;
/*!40101 SET @OLD_COLLATION_CONNECTION=@@COLLATION_CONNECTION */;
/*!40101 SET NAMES utf8mb4 */;

--
-- Database: `mvc-2109a`
--
CREATE DATABASE IF NOT EXISTS `mvc-2109a` DEFAULT CHARACTER SET latin1 COLLATE latin1_swedish_ci;
USE `mvc-2109a`;

-- --------------------------------------------------------

--
-- Tabelstructuur voor tabel `country`
--

DROP TABLE IF EXISTS `country`;
CREATE TABLE IF NOT EXISTS `country` (
  `Id` int(10) UNSIGNED NOT NULL AUTO_INCREMENT,
  `Name` varchar(100) NOT NULL,
  `CapitalCity` varchar(100) NOT NULL,
  `Continent` enum('Afrika','Noord-Amerika','Zuid-Amerika','Oceani&euml;','Europa','Azië','Antarctica') NOT NULL,
  `Population` int(10) UNSIGNED NOT NULL,
  PRIMARY KEY (`Id`)
) ENGINE=InnoDB AUTO_INCREMENT=5 DEFAULT CHARSET=latin1;

--
-- Gegevens worden geëxporteerd voor tabel `country`
--

INSERT INTO `country` (`Id`, `Name`, `CapitalCity`, `Continent`, `Population`) VALUES
(1, 'Nederland', 'Amsterdam', 'Europa', 17000000),
(2, 'Belgi&euml;', 'Brussel', 'Europa', 11500000),
(4, 'Marokko', 'Rabat', 'Afrika', 36900000);

-- --------------------------------------------------------

--
-- Tabelstructuur voor tabel `Instructeur`
--

DROP TABLE IF EXISTS `Instructeur`;
CREATE TABLE IF NOT EXISTS `Instructeur` (
  `Id` tinyint(3) UNSIGNED NOT NULL AUTO_INCREMENT,
  `Email` varchar(255) NOT NULL,
  `Naam` varchar(255) NOT NULL,
  PRIMARY KEY (`Id`)
) ENGINE=InnoDB AUTO_INCREMENT=4 DEFAULT CHARSET=latin1;

--
-- Gegevens worden geëxporteerd voor tabel `Instructeur`
--

INSERT INTO `Instructeur` (`Id`, `Email`, `Naam`) VALUES
(1, 'groen@mail.nl', 'Groen'),
(2, 'konijn@google.com', 'Konijn'),
(3, 'frasi@goolge.spail.nl', 'Frasi');

-- --------------------------------------------------------

--
-- Tabelstructuur voor tabel `Leerling`
--

DROP TABLE IF EXISTS `Leerling`;
CREATE TABLE IF NOT EXISTS `Leerling` (
  `Id` mediumint(8) UNSIGNED NOT NULL AUTO_INCREMENT,
  `Naam` varchar(255) NOT NULL,
  PRIMARY KEY (`Id`)
) ENGINE=InnoDB AUTO_INCREMENT=7 DEFAULT CHARSET=latin1;

--
-- Gegevens worden geëxporteerd voor tabel `Leerling`
--

INSERT INTO `Leerling` (`Id`, `Naam`) VALUES
(3, 'Konijn'),
(4, 'Slavink'),
(6, 'Otto');

-- --------------------------------------------------------

--
-- Tabelstructuur voor tabel `Les`
--

DROP TABLE IF EXISTS `Les`;
CREATE TABLE IF NOT EXISTS `Les` (
  `Id` mediumint(8) UNSIGNED NOT NULL AUTO_INCREMENT,
  `DatumTijd` datetime NOT NULL,
  `LeerlingId` mediumint(8) UNSIGNED NOT NULL,
  `InstructeurId` tinyint(3) UNSIGNED NOT NULL,
  PRIMARY KEY (`Id`),
  KEY `FK_Les_LeerlingId_Leerling_Id` (`LeerlingId`),
  KEY `FK_Les_InstructeurId_Instructeur_Id` (`InstructeurId`)
) ENGINE=InnoDB AUTO_INCREMENT=54 DEFAULT CHARSET=latin1;

--
-- Gegevens worden geëxporteerd voor tabel `Les`
--

INSERT INTO `Les` (`Id`, `DatumTijd`, `LeerlingId`, `InstructeurId`) VALUES
(45, '2022-05-20 14:00:00', 3, 1),
(46, '2022-05-20 10:00:00', 6, 3),
(47, '2022-05-21 13:00:00', 4, 2),
(48, '2022-05-21 17:00:00', 6, 3),
(49, '2022-05-22 11:00:00', 3, 1),
(50, '2022-05-28 19:00:00', 4, 2),
(51, '2022-06-01 20:00:00', 3, 2),
(52, '2022-06-12 08:00:00', 3, 1),
(53, '2022-06-22 12:00:00', 3, 1);

-- --------------------------------------------------------

--
-- Tabelstructuur voor tabel `Onderwerp`
--

DROP TABLE IF EXISTS `Onderwerp`;
CREATE TABLE IF NOT EXISTS `Onderwerp` (
  `Id` mediumint(8) UNSIGNED NOT NULL AUTO_INCREMENT,
  `LesId` mediumint(8) UNSIGNED NOT NULL,
  `Onderwerp` varchar(255) NOT NULL,
  PRIMARY KEY (`Id`),
  KEY `FK_Onderwerp_LesId_Les_Id` (`LesId`)
) ENGINE=InnoDB DEFAULT CHARSET=latin1;

-- --------------------------------------------------------

--
-- Tabelstructuur voor tabel `Opmerking`
--

DROP TABLE IF EXISTS `Opmerking`;
CREATE TABLE IF NOT EXISTS `Opmerking` (
  `Id` mediumint(8) UNSIGNED NOT NULL AUTO_INCREMENT,
  `LesId` mediumint(8) UNSIGNED NOT NULL,
  `Opmerking` varchar(255) NOT NULL,
  PRIMARY KEY (`Id`),
  KEY `FK_Opmerking_LesId_Les_Id` (`LesId`)
) ENGINE=InnoDB DEFAULT CHARSET=latin1;

--
-- Beperkingen voor geëxporteerde tabellen
--

--
-- Beperkingen voor tabel `Les`
--
ALTER TABLE `Les`
  ADD CONSTRAINT `FK_Les_InstructeurId_Instructeur_Id` FOREIGN KEY (`InstructeurId`) REFERENCES `Instructeur` (`Id`) ON DELETE CASCADE ON UPDATE CASCADE,
  ADD CONSTRAINT `FK_Les_LeerlingId_Leerling_Id` FOREIGN KEY (`LeerlingId`) REFERENCES `Leerling` (`Id`) ON DELETE CASCADE ON UPDATE CASCADE;

--
-- Beperkingen voor tabel `Onderwerp`
--
ALTER TABLE `Onderwerp`
  ADD CONSTRAINT `FK_Onderwerp_LesId_Les_Id` FOREIGN KEY (`LesId`) REFERENCES `Les` (`Id`) ON DELETE CASCADE ON UPDATE CASCADE;

--
-- Beperkingen voor tabel `Opmerking`
--
ALTER TABLE `Opmerking`
  ADD CONSTRAINT `FK_Opmerking_LesId_Les_Id` FOREIGN KEY (`LesId`) REFERENCES `Les` (`Id`) ON DELETE CASCADE ON UPDATE CASCADE;
COMMIT;

/*!40101 SET CHARACTER_SET_CLIENT=@OLD_CHARACTER_SET_CLIENT */;
/*!40101 SET CHARACTER_SET_RESULTS=@OLD_CHARACTER_SET_RESULTS */;
/*!40101 SET COLLATION_CONNECTION=@OLD_COLLATION_CONNECTION */;
